{
  "auth": {
    "login": "Log in"
  },
  "dashboard": {
    "hi": "Hi",
    "welcome_to_taskOrbit": "Welcome to TaskOrbit",
    "quick_view": "Quick View",
    "task_count": "Task Count"
  },
  "create_task": {
    "title": "Let’s create a new task list!",
    "business_tasks_description": "Tell us which tasks your business usually uses"
  },
  "allTasks": {
    "search_tasks": "Search Tasks"
  },
  "common": {
    "enter_text_here": "Enter text here...",
    "change_type": "Change type",
    "add_type": "Add type",
    "tasks": "Tasks",
    "projects": "Projects",
    "add_new": "Add New",
    "due_soon": "Due Soon",
    "completed": "Completed",
    "all": "All",
    "dropdownArr": [
      {
        "label": "Today",
        "value": "today"
      },
      {
        "label": "This week",
        "value": "week"
      },
      {
        "label": "This month",
        "value": "month"
      },
      {
        "label": "This year",
        "value": "year"
      },
      {
        "label": "Lifetime",
        "value": "lifetime"
      }
    ]
  }

}
