{
  "auth": {
    "login": "Log in"
  },
  "dashboard": {
    "hi": "Hi",
    "welcome_to_taskOrbit": "Bienvenido a TaskOrbit",
    "quick_view": "Vista rápida",
    "task_count": "Recuento de tareas"
  },
  "create_task": {
    "title": "¡Vamos a crear una nueva lista de tareas!",
    "business_tasks_description": "Cuéntenos qué tareas utiliza habitualmente su empresa"
  },
  "allTasks": {
    "search_tasks": "Search Tasks"
  },
  "common": {
    "enter_text_here": "Introduzca texto aquí...",
    "change_type": "Tipo de cambio",
    "add_type": "Add type",
    "tasks": "Tareas",
    "projects": "Proyectos",
    "add_new": "Agregar nuevo",
    "due_soon": "Vencimiento pronto",
    "completed": "Terminado",
    "all": "Todo",
    "dropdownArr": [
      {
        "label": "Hoy",
        "value": "today"
      },
      {
        "label": "Esta semana",
        "value": "week"
      },
      {
        "label": "este mes",
        "value": "month"
      },
      {
        "label": "este año",
        "value": "year"
      },
      {
        "label": "Vida",
        "value": "lifetime"
      }
    ]
  }

}
